company_name,platform,board_url,country_focus,notes
10x Genomics,greenhouse,https://boards.greenhouse.io/10xgenomics,,
15Five,lever,https://jobs.lever.co/15five,,
3M,smartrecruiters,https://jobs.smartrecruiters.com/3M,US,
Abbott,workday,https://abbott.wd5.myworkdayjobs.com/abbottcareers,,
Accenture Federal Services,smartrecruiters,https://careers.smartrecruiters.com/AccentureFederalServices,,
Accenture Federal Services,greenhouse,https://boards.greenhouse.io/accenturefederalservices,US,
Accenture Technology,smartrecruiters,https://jobs.smartrecruiters.com/AccentureTechnology,Global,
ActBlue,greenhouse,https://boards.greenhouse.io/actblue,US,
adcouncil,greenhouse,https://boards.greenhouse.io/adcouncil,,
Adecco,smartrecruiters,https://jobs.smartrecruiters.com/Adecco,Global,
Adobe Inc,workday,https://adobe.wd5.myworkdayjobs.com/external_experienced,US,
Adyen,greenhouse,https://boards.greenhouse.io/adyen,Global,
Aegis,smartrecruiters,https://jobs.smartrecruiters.com/Aegis,US,
Aerospike,greenhouse,https://boards.greenhouse.io/aerospike,US,
Affirm,greenhouse,https://boards.greenhouse.io/affirm,,
Aflac Global,smartrecruiters,https://jobs.smartrecruiters.com/AflacGlobal,US,
Agile Six,greenhouse,https://boards.greenhouse.io/agilesix,,
agwestfarmcredit,greenhouse,https://boards.greenhouse.io/agwestfarmcredit,,
Airbnb,greenhouse,https://boards.greenhouse.io/airbnb,,
Airbus,workday,https://ag.wd3.myworkdayjobs.com/Airbus,Global,
Airstream,smartrecruiters,https://jobs.smartrecruiters.com/Airstream,US,
Airtable,greenhouse,https://boards.greenhouse.io/airtable,,
Airtm,lever,https://jobs.lever.co/airtm,Global,
Alan,ashby,https://jobs.ashbyhq.com/alan,,
Alarm.com,greenhouse,https://boards.greenhouse.io/alarmcom,US,
Alaska Air Group,smartrecruiters,https://jobs.smartrecruiters.com/AlaskaAirGroup,US,
Alchemy,greenhouse,https://boards.greenhouse.io/alchemy,,
Alcon,workday,https://alcon.wd5.myworkdayjobs.com/careers_alcon,Global,
Aledade,lever,https://jobs.lever.co/aledade,,
Algolia,greenhouse,https://boards.greenhouse.io/algolia,Global,
Alloy,greenhouse,https://boards.greenhouse.io/alloy,US,
Allstate,workday,https://allstate.wd5.myworkdayjobs.com/Allstate_Careers,,
Allstate Insurance,smartrecruiters,https://jobs.smartrecruiters.com/AllstateInsurance,US,
AllTrails,lever,https://jobs.lever.co/alltrails,,
Alma,greenhouse,https://boards.greenhouse.io/alma,,
aloyoga,greenhouse,https://boards.greenhouse.io/aloyoga,,
AlphaSense,greenhouse,https://boards.greenhouse.io/alphasense,US,
Altana AI,greenhouse,https://boards.greenhouse.io/altanaai,US,
Amplitude,greenhouse,https://boards.greenhouse.io/amplitude,,
Analog Devices,workday,https://analogdevices.wd1.myworkdayjobs.com/External,US,
analyticpartners,lever,https://jobs.lever.co/analyticpartners,,
Andela,workday,https://andela.wd1.myworkdayjobs.com/external,,
Andela,ashby,https://jobs.ashbyhq.com/andela,,
andurilindustries,greenhouse,https://boards.greenhouse.io/andurilindustries,,
Angellist,lever,https://jobs.lever.co/angellist,,
Angi,greenhouse,https://boards.greenhouse.io/angi,,
Anomali,lever,https://jobs.lever.co/anomali,,
Anthropic,greenhouse,https://boards.greenhouse.io/anthropic,,
Aon plc,smartrecruiters,https://jobs.smartrecruiters.com/Aon,Global,
Apartments.com,smartrecruiters,https://jobs.smartrecruiters.com/Apartments,,
AppDirect,smartrecruiters,https://jobs.smartrecruiters.com/AppDirect,Global,
AppFolio,smartrecruiters,https://jobs.smartrecruiters.com/AppFolio,,
Appian,greenhouse,https://boards.greenhouse.io/appian,US,
Applied Intuition,greenhouse,https://boards.greenhouse.io/appliedintuition,US,
Applied Materials,workday,https://amat.wd1.myworkdayjobs.com/External,US,
apptronik,greenhouse,https://boards.greenhouse.io/apptronik,,
Aramark,smartrecruiters,https://jobs.smartrecruiters.com/Aramark,US,
Arcadia,lever,https://jobs.lever.co/arcadia,,
arcesiumllc,greenhouse,https://boards.greenhouse.io/arcesiumllc,,
archer56,greenhouse,https://boards.greenhouse.io/archer56,,
Arista Networks,smartrecruiters,https://jobs.smartrecruiters.com/AristaNetworks,US,
Artera,lever,https://jobs.lever.co/artera,,
Artisan,ashby,https://jobs.ashbyhq.com/artisan,,
Asana,greenhouse,https://boards.greenhouse.io/asana,,
Ascension,smartrecruiters,https://jobs.smartrecruiters.com/Ascension,US,Healthcare
Assembly AI,greenhouse,https://boards.greenhouse.io/assemblyai,US,
asteraearlycareer2026,greenhouse,https://boards.greenhouse.io/asteraearlycareer2026,,
astranis,greenhouse,https://boards.greenhouse.io/astranis,,
AstraZeneca,workday,https://astrazeneca.wd3.myworkdayjobs.com/Careers,Global,
Astronomer,ashby,https://jobs.ashbyhq.com/astronomer,,
AT&T,workday,https://att.wd1.myworkdayjobs.com/en-US/ATTGeneral,,
AT&T,workday,https://att.wd1.myworkdayjobs.com/en-US/ATTcollege,,
AT&T,workday,https://att.wd1.myworkdayjobs.com/en-US/Cricket,,
atlassand,greenhouse,https://boards.greenhouse.io/atlassand,,
audaxgroup,greenhouse,https://boards.greenhouse.io/audaxgroup,,
Autodesk Inc,workday,https://autodesk.wd1.myworkdayjobs.com/Ext,US,
Automox,greenhouse,https://boards.greenhouse.io/automox,US,
Ava Labs,greenhouse,https://boards.greenhouse.io/avalabs,Global,
Avery Dennison,smartrecruiters,https://jobs.smartrecruiters.com/AveryDennison,US,
Axon,greenhouse,https://boards.greenhouse.io/axon,US,
axsometherapeutics,greenhouse,https://boards.greenhouse.io/axsometherapeutics,,
Azul,smartrecruiters,https://jobs.smartrecruiters.com/Azul,Global,
B12,greenhouse,https://boards.greenhouse.io/b12,US,
BackBlaze,greenhouse,https://boards.greenhouse.io/backblaze,US,
Baltimore City Government,workday,https://baltimorecity.wd1.myworkdayjobs.com/External,,
bamboohr17,greenhouse,https://boards.greenhouse.io/bamboohr17,,
bandwidth,greenhouse,https://boards.greenhouse.io/bandwidth,,
BAT,smartrecruiters,https://jobs.smartrecruiters.com/BritishAmericanTobacco,Global,
Beautiful.ai,greenhouse,https://boards.greenhouse.io/beautifulai,,
BillionToOne,greenhouse,https://boards.greenhouse.io/billiontoone,US,Biotech
Bird,greenhouse,https://boards.greenhouse.io/bird,,
BitGo,greenhouse,https://boards.greenhouse.io/bitgo,US,
Bitly,greenhouse,https://boards.greenhouse.io/bitly,US,
Bitpanda,greenhouse,https://boards.greenhouse.io/bitpanda,Global,
Block (Square),greenhouse,https://boards.greenhouse.io/block,US,
Bloomreach,greenhouse,https://boards.greenhouse.io/bloomreach,US,
Blue Origin,workday,https://blueorigin.wd5.myworkdayjobs.com/BlueOrigin,,
BlueConic,greenhouse,https://boards.greenhouse.io/blueconic,US,
BNY Mellon,smartrecruiters,https://jobs.smartrecruiters.com/BNYMellon,US,
Boeing,workday,https://boeing.wd1.myworkdayjobs.com/EXTERNAL_CAREERS,,
Booz Allen Hamilton,workday,https://bah.wd1.myworkdayjobs.com/BAH_Jobs,,
Bosch,smartrecruiters,https://jobs.smartrecruiters.com/Bosch,,
Boston Consulting Group,smartrecruiters,https://jobs.smartrecruiters.com/BCG,Global,
boxinc,greenhouse,https://boards.greenhouse.io/boxinc,,
Branch,greenhouse,https://boards.greenhouse.io/branchmetrics,US,
breezeairways,greenhouse,https://boards.greenhouse.io/breezeairways,,
Brex,greenhouse,https://boards.greenhouse.io/brex,,
Bridgestone,smartrecruiters,https://jobs.smartrecruiters.com/Bridgestone,Global,
Bright Horizons,smartrecruiters,https://jobs.smartrecruiters.com/BrightHorizons,US,
Bringg,greenhouse,https://boards.greenhouse.io/bringg,Global,
Brown University,workday,https://brown.wd5.myworkdayjobs.com/staff-careers-brown,US,Education
Buildium,smartrecruiters,https://jobs.smartrecruiters.com/Buildium,,
Buildkite,greenhouse,https://boards.greenhouse.io/buildkite,,
Built In,greenhouse,https://boards.greenhouse.io/builtin,US,
Business Wire,lever,https://jobs.lever.co/businesswire,,
C.H. Robinson,smartrecruiters,https://jobs.smartrecruiters.com/CHRobinson,US,
C3 AI,greenhouse,https://boards.greenhouse.io/c3iot,US,
CACI International,workday,https://caci.wd1.myworkdayjobs.com/External,,
Caesars Entertainment,smartrecruiters,https://jobs.smartrecruiters.com/CaesarsEntertainment,US,
Calendly,greenhouse,https://boards.greenhouse.io/calendly,US,
CallRail,greenhouse,https://boards.greenhouse.io/callrail,US,
Cambridge Mobile Telematics,greenhouse,https://boards.greenhouse.io/cambridgemobiletelematics,US,
Campbell Soup,smartrecruiters,https://jobs.smartrecruiters.com/CampbellSoup,US,
Canonical,greenhouse,https://boards.greenhouse.io/canonical,Global,
Capital One,workday,https://capitalone.wd12.myworkdayjobs.com/Capital_One,,
Cardinal Health,smartrecruiters,https://jobs.smartrecruiters.com/CardinalHealth,US,
Care.com,greenhouse,https://boards.greenhouse.io/carecom,US,
Carlsberg,smartrecruiters,https://jobs.smartrecruiters.com/Carlsberg,Global,
Carrier,smartrecruiters,https://jobs.smartrecruiters.com/Carrier,US,
Carrot Fertility,greenhouse,https://boards.greenhouse.io/carrotfertility,US,
Carta,greenhouse,https://boards.greenhouse.io/carta,,
Celanese Corporation,smartrecruiters,https://jobs.smartrecruiters.com/CelaneseCorporation,US,
celonis,greenhouse,https://boards.greenhouse.io/celonis,,
Censys,greenhouse,https://boards.greenhouse.io/censys,,
CenturyLink Inc,smartrecruiters,https://jobs.smartrecruiters.com/CenturyLink,US,
checkr,greenhouse,https://boards.greenhouse.io/checkr,,
Chegg,smartrecruiters,https://jobs.smartrecruiters.com/Chegg,US,
Chevron,workday,https://chevron.wd5.myworkdayjobs.com/jobs,,
Chime,greenhouse,https://boards.greenhouse.io/chime,US,
Chipotle,smartrecruiters,https://jobs.smartrecruiters.com/Chipotle,US,
CircleCI,greenhouse,https://boards.greenhouse.io/circleci,,
Cision,greenhouse,https://boards.greenhouse.io/cision,US,
Citi,smartrecruiters,https://jobs.smartrecruiters.com/Citi,Global,
Citigroup,workday,https://citi.wd5.myworkdayjobs.com/2,,
clear,greenhouse,https://boards.greenhouse.io/clear,,
Clear Street,greenhouse,https://boards.greenhouse.io/clearstreet,US,
Cloudflare,greenhouse,https://boards.greenhouse.io/cloudflare,,
Clover Health,greenhouse,https://boards.greenhouse.io/cloverhealth,US,
Clutch,greenhouse,https://boards.greenhouse.io/clutch,US,
Coalition,greenhouse,https://boards.greenhouse.io/coalition,US,
Cockroach Labs,greenhouse,https://boards.greenhouse.io/cockroachlabs,US,
CohnReznick,smartrecruiters,https://jobs.smartrecruiters.com/CohnReznick,US,
Coinbase Developer Platform,greenhouse,https://boards.greenhouse.io/cdpjobs,,
Collibra,greenhouse,https://boards.greenhouse.io/collibra,Global,
Colliers,smartrecruiters,https://jobs.smartrecruiters.com/Colliers,Global,
Columbia Sportswear,smartrecruiters,https://jobs.smartrecruiters.com/ColumbiaSportswear,US,
Comcast,workday,https://comcast.wd5.myworkdayjobs.com/Comcast_Careers,,
CommScope,smartrecruiters,https://jobs.smartrecruiters.com/CommScope,US,
commvault,greenhouse,https://boards.greenhouse.io/commvault,,
Compass,smartrecruiters,https://jobs.smartrecruiters.com/Compass,,
ConAgra,smartrecruiters,https://jobs.smartrecruiters.com/ConAgraBrands,US,
Conde Nast,smartrecruiters,https://jobs.smartrecruiters.com/CondeNast,US,
Confluent,smartrecruiters,https://jobs.smartrecruiters.com/Confluent,US,
connerstrongbuckelew,greenhouse,https://boards.greenhouse.io/connerstrongbuckelew,,
Consensys,greenhouse,https://boards.greenhouse.io/consensys,,
Contentful,greenhouse,https://boards.greenhouse.io/contentful,Global,
Continental,smartrecruiters,https://jobs.smartrecruiters.com/Continental,Global,
convergentresearch,lever,https://jobs.lever.co/convergentresearch,,
Cooper Standard,smartrecruiters,https://jobs.smartrecruiters.com/CooperStandard,US,
corcepttherapeutics,greenhouse,https://boards.greenhouse.io/corcepttherapeutics,,
Corning Inc,smartrecruiters,https://jobs.smartrecruiters.com/CorningIncorporated,US,
CoStar Group,smartrecruiters,https://jobs.smartrecruiters.com/CoStarGroup,,
Course Hero,greenhouse,https://boards.greenhouse.io/coursehero,US,
Coursera,greenhouse,https://boards.greenhouse.io/coursera,US,
Covance,smartrecruiters,https://jobs.smartrecruiters.com/Covance,US,
Credit Karma,greenhouse,https://boards.greenhouse.io/creditkarma,US,
cresta,greenhouse,https://boards.greenhouse.io/cresta,,
Criteo,smartrecruiters,https://jobs.smartrecruiters.com/Criteo,,
CSC Generation,lever,https://jobs.lever.co/cscgeneration-2,,
Culture Amp,greenhouse,https://boards.greenhouse.io/cultureamp,Global,
Cushman & Wakefield,smartrecruiters,https://jobs.smartrecruiters.com/CushmanWakefield,Global,
CX2,lever,https://jobs.lever.co/cx2,,
Cybereason,greenhouse,https://boards.greenhouse.io/cybereason,US,
Cyngn,lever,https://jobs.lever.co/cyngn,,
Daimler Trucks,smartrecruiters,https://jobs.smartrecruiters.com/DaimlerTrucksNorthAmerica,US,
Danone,smartrecruiters,https://jobs.smartrecruiters.com/Danone,Global,
Databricks,greenhouse,https://boards.greenhouse.io/databricks,,
Datadog,greenhouse,https://boards.greenhouse.io/datadog,US,
Dataiku,greenhouse,https://boards.greenhouse.io/dataiku,,
DaVita,smartrecruiters,https://jobs.smartrecruiters.com/DaVitaInc,US,
DC Office on Aging,smartrecruiters,https://careers.smartrecruiters.com/DCOfficeOnAging,,
Dealpath,greenhouse,https://boards.greenhouse.io/dealpath,US,
DeepMind,greenhouse,https://boards.greenhouse.io/deepmind,,
Deere,smartrecruiters,https://jobs.smartrecruiters.com/Deere,US,
Delhivery,smartrecruiters,https://jobs.smartrecruiters.com/Delhivery,Global,
Dell Technologies,workday,https://dell.wd1.myworkdayjobs.com/External,,
Deloitte Consulting,smartrecruiters,https://jobs.smartrecruiters.com/DeloitteConsulting,Global,
Delta Dental,smartrecruiters,https://jobs.smartrecruiters.com/DeltaDentalOfMichigan,US,
Descript,greenhouse,https://boards.greenhouse.io/descript,,
Deutsche Bank,workday,https://db.wd3.myworkdayjobs.com/DBWebsite,Global,
DHL,smartrecruiters,https://jobs.smartrecruiters.com/DHL,Global,
Dialpad,greenhouse,https://boards.greenhouse.io/dialpad,US,
didi,greenhouse,https://boards.greenhouse.io/didi,,
Didi,smartrecruiters,https://jobs.smartrecruiters.com/DiDiGlobal,Global,
Diligent Robotics,greenhouse,https://boards.greenhouse.io/diligentrobotics,,
Discord,greenhouse,https://boards.greenhouse.io/discord,,
Disney,workday,https://disney.wd5.myworkdayjobs.com/disneycareer,,
DistroKid,greenhouse,https://boards.greenhouse.io/distrokid,US,
DNV GL,smartrecruiters,https://jobs.smartrecruiters.com/DNVGL,Global,
Docler Holding,smartrecruiters,https://jobs.smartrecruiters.com/doclerholding,,
DoiT International,greenhouse,https://boards.greenhouse.io/doitintl,Global,
Domino's,smartrecruiters,https://jobs.smartrecruiters.com/DominosPizza,US,
doordashusa,greenhouse,https://boards.greenhouse.io/doordashusa,,
DoubleVerify,greenhouse,https://boards.greenhouse.io/doubleverify,US,
Dropbox,greenhouse,https://boards.greenhouse.io/dropbox,US,
Druva,greenhouse,https://boards.greenhouse.io/druva,US,
drweng,greenhouse,https://boards.greenhouse.io/drweng,,
Dun & Bradstreet,smartrecruiters,https://jobs.smartrecruiters.com/DunBradstreet,US,
Duolingo,greenhouse,https://boards.greenhouse.io/duolingo,US,
DuPont de Nemours,smartrecruiters,https://jobs.smartrecruiters.com/DuPontDeNemours,US,
DXC Technology,workday,https://dxctechnology.wd1.myworkdayjobs.com/DXCJobs,Global,
EarnIn,greenhouse,https://boards.greenhouse.io/earnin,,
EBSCO,smartrecruiters,https://jobs.smartrecruiters.com/EBSCOInformation,US,
ekimetrics,lever,https://jobs.lever.co/ekimetrics,,
Elastic,greenhouse,https://boards.greenhouse.io/elastic,Global,
Elation Health,greenhouse,https://boards.greenhouse.io/elationhealth,US,
Electrolux,smartrecruiters,https://jobs.smartrecruiters.com/Electrolux,Global,
elfbeauty,lever,https://jobs.lever.co/elfbeauty,,
Embroker,greenhouse,https://boards.greenhouse.io/embroker,US,
Enbridge,smartrecruiters,https://jobs.smartrecruiters.com/Enbridge,Global,
Entrata,smartrecruiters,https://jobs.smartrecruiters.com/Entrata,,
Epic Games,greenhouse,https://boards.greenhouse.io/epicgames,US,
eqbank,lever,https://jobs.lever.co/eqbank,,
Equifax,workday,https://equifax.wd5.myworkdayjobs.com/External,US,
Equinix,smartrecruiters,https://jobs.smartrecruiters.com/Equinix,,
ERG,lever,https://jobs.lever.co/erg,,
Ericsson North America,smartrecruiters,https://jobs.smartrecruiters.com/Ericsson2,US,
ESET,smartrecruiters,https://jobs.smartrecruiters.com/ESET,Global,
esrtreit,lever,https://jobs.lever.co/esrtreit,,
Etihad Airways,smartrecruiters,https://jobs.smartrecruiters.com/EtihadAirways,Global,
eventsandinterns,greenhouse,https://boards.greenhouse.io/eventsandinterns,,
Everlaw,greenhouse,https://boards.greenhouse.io/everlaw,US,
Expel,greenhouse,https://boards.greenhouse.io/expel,US,
faire,greenhouse,https://boards.greenhouse.io/faire,,
FalconX,greenhouse,https://boards.greenhouse.io/falconx,US,
Fam,lever,https://jobs.lever.co/fampay,,
Fandom,greenhouse,https://boards.greenhouse.io/fandom,US,
Fannie Mae,workday,https://fanniemae.wd1.myworkdayjobs.com/FannieMaeCareers,,
Fastly,greenhouse,https://boards.greenhouse.io/fastly,,
FedEx Ground,smartrecruiters,https://jobs.smartrecruiters.com/FedExGround,US,
fehrandpeers,lever,https://jobs.lever.co/fehrandpeers,,
Ferrari,smartrecruiters,https://jobs.smartrecruiters.com/Ferrari,Global,
Ferrosan Medical Devices,smartrecruiters,https://jobs.smartrecruiters.com/FerrosanMedicalDevices,Global,
Fidelity Investments,workday,https://fmr.wd1.myworkdayjobs.com/FidelityCareers,,
Fifth Third Bank,workday,https://fifththird.wd5.myworkdayjobs.com/53careers,US,
Figma,greenhouse,https://boards.greenhouse.io/figma,,
Firmenich,smartrecruiters,https://jobs.smartrecruiters.com/Firmenich,Global,
First American,smartrecruiters,https://jobs.smartrecruiters.com/FirstAmerican,US,
FirstEnergy Corp,smartrecruiters,https://jobs.smartrecruiters.com/FirstEnergyCorp,US,
FIS,smartrecruiters,https://jobs.smartrecruiters.com/FIS,US,
Fivetran,greenhouse,https://boards.greenhouse.io/fivetran,,
flagshippioneeringinc,greenhouse,https://boards.greenhouse.io/flagshippioneeringinc,,
Flex Ltd,smartrecruiters,https://jobs.smartrecruiters.com/Flex,Global,
Flexport,greenhouse,https://boards.greenhouse.io/flexport,,
foleyhoag,greenhouse,https://boards.greenhouse.io/foleyhoag,,
Foot Locker,smartrecruiters,https://jobs.smartrecruiters.com/FootLocker,US,
Ford Motor Company,smartrecruiters,https://jobs.smartrecruiters.com/Ford,US,
Forter,greenhouse,https://boards.greenhouse.io/forter,Global,
Forum One,greenhouse,https://boards.greenhouse.io/forumone,US,
Fossil Group,smartrecruiters,https://jobs.smartrecruiters.com/FossilGroup,US,
Foundry,smartrecruiters,https://jobs.smartrecruiters.com/Foundry,Global,
fourhands,greenhouse,https://boards.greenhouse.io/fourhands,,
FourKites,greenhouse,https://boards.greenhouse.io/fourkites,US,
Freddie Mac,workday,https://freddiemac.wd5.myworkdayjobs.com/External,,
Fresenius Medical Care,smartrecruiters,https://jobs.smartrecruiters.com/FreseniusMedicalCare,Global,
fsastorecom,greenhouse,https://boards.greenhouse.io/fsastorecom,,
fullscript,lever,https://jobs.lever.co/fullscript,,
G4S,smartrecruiters,https://jobs.smartrecruiters.com/G4S,Global,
galileofinancialtechnologies,greenhouse,https://boards.greenhouse.io/galileofinancialtechnologies,,
gardacp,greenhouse,https://boards.greenhouse.io/gardacp,,
Gartner Group,smartrecruiters,https://jobs.smartrecruiters.com/GartnerGroup,Global,
Gather,greenhouse,https://boards.greenhouse.io/gather,US,
GEICO Insurance,workday,https://geico.wd1.myworkdayjobs.com/External,US,
Gemini,greenhouse,https://boards.greenhouse.io/gemini,,
General Dynamics Information Technology (GDIT),workday,https://gdit.wd5.myworkdayjobs.com/External_Career_Site,,
General Electric,smartrecruiters,https://jobs.smartrecruiters.com/GeneralElectric,US,
genies,ashby,https://jobs.ashbyhq.com/genies,,
Gilead Sciences,workday,https://gilead.wd1.myworkdayjobs.com/gileadcareers,,
GitLab,greenhouse,https://boards.greenhouse.io/gitlab,,
Glance,greenhouse,https://boards.greenhouse.io/glance,,
GlaxoSmithKline GSK,smartrecruiters,https://jobs.smartrecruiters.com/GSK,Global,
Glean,greenhouse,https://boards.greenhouse.io/gleanwork,,
Global Foundries,workday,https://globalfoundries.wd1.myworkdayjobs.com/External,US,
glossgenius,greenhouse,https://boards.greenhouse.io/glossgenius,,
GoCardless,greenhouse,https://boards.greenhouse.io/gocardless,Global,
GoDaddy,greenhouse,https://boards.greenhouse.io/godaddy,,
GoFundMe,greenhouse,https://boards.greenhouse.io/gofundme,,
GoGuardian,greenhouse,https://boards.greenhouse.io/goguardian,US,
Grammarly,greenhouse,https://boards.greenhouse.io/grammarly,,
graphcore,greenhouse,https://boards.greenhouse.io/graphcore,,
Groupon Inc,smartrecruiters,https://jobs.smartrecruiters.com/Groupon2,US,
gsdm,greenhouse,https://boards.greenhouse.io/gsdm,,
Gusto,greenhouse,https://boards.greenhouse.io/gusto,,
Gympass,greenhouse,https://boards.greenhouse.io/gympass,,
Habitat for Humanity,smartrecruiters,https://jobs.smartrecruiters.com/HabitatForHumanity,US,
Halliburton Energy,smartrecruiters,https://jobs.smartrecruiters.com/Halliburton2,US,
harbingermotors,greenhouse,https://boards.greenhouse.io/harbingermotors,,
Hartford,workday,https://thehartford.wd5.myworkdayjobs.com/Careers_External,US,
haven,greenhouse,https://boards.greenhouse.io/haven,,
Haworth,smartrecruiters,https://jobs.smartrecruiters.com/Haworth,US,
HCA,smartrecruiters,https://jobs.smartrecruiters.com/HCAHealthcare,US,
HealthVerity,greenhouse,https://boards.greenhouse.io/healthverity,US,
heartflowinc,greenhouse,https://boards.greenhouse.io/heartflowinc,,
Henkel,smartrecruiters,https://jobs.smartrecruiters.com/Henkel,Global,
Hertz Corporation,smartrecruiters,https://jobs.smartrecruiters.com/HertzCorporation,US,
HHAeXchange,lever,https://jobs.lever.co/hhaexchange,,
Hilton Hotels,smartrecruiters,https://jobs.smartrecruiters.com/Hilton,Global,
Hitachi,smartrecruiters,https://jobs.smartrecruiters.com/Hitachi,Global,
Home Depot,workday,https://homedepot.wd5.myworkdayjobs.com/CareerDepot,,
Honeywell International,smartrecruiters,https://jobs.smartrecruiters.com/Honeywell2,US,
Honor,greenhouse,https://boards.greenhouse.io/honor,US,
Horizon Therapeutics,smartrecruiters,https://jobs.smartrecruiters.com/HorizonTherapeutics,US,
Hover,greenhouse,https://boards.greenhouse.io/hover,,
HP Inc,workday,https://hp.wd5.myworkdayjobs.com/ExternalCareerSite,,
HubSpot,greenhouse,https://boards.greenhouse.io/hubspot,US,
Hugo Boss,smartrecruiters,https://jobs.smartrecruiters.com/HugoBoss,Global,
Human Interest,greenhouse,https://boards.greenhouse.io/humaninterest,US,
Huntress,greenhouse,https://boards.greenhouse.io/huntress,US,
Hyundai,smartrecruiters,https://jobs.smartrecruiters.com/Hyundai,Global,
Icon plc,smartrecruiters,https://jobs.smartrecruiters.com/ICONplc,Global,
Ikea,smartrecruiters,https://jobs.smartrecruiters.com/IKEA,,
Illumina,workday,https://illumina.wd1.myworkdayjobs.com/illumina-careers,US,
Illumina Inc,smartrecruiters,https://jobs.smartrecruiters.com/Illumina2,US,
impinjexternal,greenhouse,https://boards.greenhouse.io/impinjexternal,,
Imply,greenhouse,https://boards.greenhouse.io/imply,US,
Incyte Corporation,smartrecruiters,https://jobs.smartrecruiters.com/Incyte2,US,
Indeed Inc,smartrecruiters,https://jobs.smartrecruiters.com/Indeed2,US,
Infineon,smartrecruiters,https://jobs.smartrecruiters.com/Infineon,Global,
Inflection AI,greenhouse,https://boards.greenhouse.io/inflectionai,,
ING,smartrecruiters,https://jobs.smartrecruiters.com/INGBank,Global,
Ingersoll Rand Inc,smartrecruiters,https://jobs.smartrecruiters.com/IngersollRand2,US,
Insightly,greenhouse,https://boards.greenhouse.io/insightly,US,
Instacart,greenhouse,https://boards.greenhouse.io/instacart,,
Insurify,greenhouse,https://boards.greenhouse.io/insurify,US,
Intel,workday,https://intel.wd1.myworkdayjobs.com/External,,
InterContinental,smartrecruiters,https://jobs.smartrecruiters.com/InterContinentalHotelsGroup,Global,
internshiplist2000,greenhouse,https://boards.greenhouse.io/internshiplist2000,,
intrinsicrobotics,greenhouse,https://boards.greenhouse.io/intrinsicrobotics,,
Ipsen,smartrecruiters,https://jobs.smartrecruiters.com/Ipsen,Global,
ivxhealth,greenhouse,https://boards.greenhouse.io/ivxhealth,,
IXL Learning,greenhouse,https://boards.greenhouse.io/ixllearning,US,
JELD-WEN,smartrecruiters,https://jobs.smartrecruiters.com/JELDWEN,US,
JetBlue,smartrecruiters,https://jobs.smartrecruiters.com/JetBlueAirways,US,
JLL,workday,https://jll.wd1.myworkdayjobs.com/jllcareers,Global,
John Hancock,workday,https://manulife.wd3.myworkdayjobs.com/MFCJH_Jobs,US,
Johns Hopkins,smartrecruiters,https://jobs.smartrecruiters.com/JohnsHopkinsUniversity,US,
Johnson Matthey,smartrecruiters,https://jobs.smartrecruiters.com/JohnsonMatthey,Global,
Jump Trading,greenhouse,https://boards.greenhouse.io/jumptrading,US,
Juniper Networks,smartrecruiters,https://jobs.smartrecruiters.com/JuniperNetworks2,US,
Juul Labs,greenhouse,https://boards.greenhouse.io/juullabs,US,
kairospower,greenhouse,https://boards.greenhouse.io/kairospower,,
Kaiser Foundation,smartrecruiters,https://jobs.smartrecruiters.com/KaiserFoundationHealthPlan,US,
Karat,greenhouse,https://boards.greenhouse.io/karat,US,
Kaseya,greenhouse,https://boards.greenhouse.io/kaseya,US,
KBR,smartrecruiters,https://jobs.smartrecruiters.com/KBR,US,
Keeper Security,greenhouse,https://boards.greenhouse.io/keepersecurity,US,
Kentik,greenhouse,https://boards.greenhouse.io/kentik,US,
Kering,smartrecruiters,https://jobs.smartrecruiters.com/Kering,Global,
Kerry Group,smartrecruiters,https://jobs.smartrecruiters.com/KerryGroup,Global,
KeyBank,workday,https://keybank.wd5.myworkdayjobs.com/External_Career_Site,US,
KFC,smartrecruiters,https://jobs.smartrecruiters.com/KFC,US,
Khan Academy,greenhouse,https://boards.greenhouse.io/khanacademy,US,
Kickstarter,greenhouse,https://boards.greenhouse.io/kickstarter,US,
Kimberly Clark,smartrecruiters,https://jobs.smartrecruiters.com/KimberlyClark2,US,
Kingfisher,smartrecruiters,https://jobs.smartrecruiters.com/Kingfisher,Global,
Kite Pharma,smartrecruiters,https://jobs.smartrecruiters.com/KitePharma,US,
kitware,lever,https://jobs.lever.co/kitware,,
klaviyocampus,greenhouse,https://boards.greenhouse.io/klaviyocampus,,
Kohler,smartrecruiters,https://jobs.smartrecruiters.com/Kohler,US,
KPMG,smartrecruiters,https://jobs.smartrecruiters.com/KPMG,Global,
krollbondratingagency,greenhouse,https://boards.greenhouse.io/krollbondratingagency,,
Kyndryl,smartrecruiters,https://jobs.smartrecruiters.com/Kyndryl,Global,
Labelbox,greenhouse,https://boards.greenhouse.io/labelbox,,
Landstar,smartrecruiters,https://jobs.smartrecruiters.com/LandstarSystem,US,
laskoproducts,greenhouse,https://boards.greenhouse.io/laskoproducts,,
Latitude Inc,lever,https://jobs.lever.co/latitudeinc,,
Lattice,greenhouse,https://boards.greenhouse.io/lattice,,
LaunchDarkly,greenhouse,https://boards.greenhouse.io/launchdarkly,,
legendcareers,greenhouse,https://boards.greenhouse.io/legendcareers,,
Leidos,workday,https://leidos.wd5.myworkdayjobs.com/External,,
Lever,lever,https://jobs.lever.co/lever,,
LG Electronics,smartrecruiters,https://jobs.smartrecruiters.com/LGElectronics,Global,
Linde,smartrecruiters,https://jobs.smartrecruiters.com/Linde,Global,
LinkedIn,smartrecruiters,https://jobs.smartrecruiters.com/LinkedIn,,
Liquibase,greenhouse,https://boards.greenhouse.io/liquibase,US,
Listrak,greenhouse,https://boards.greenhouse.io/listrak,US,
LivePerson,greenhouse,https://boards.greenhouse.io/liveperson,,
Lob,greenhouse,https://boards.greenhouse.io/lob,US,
Logitech,smartrecruiters,https://jobs.smartrecruiters.com/Logitech,Global,
LogRocket,lever,https://jobs.lever.co/logrocket,,
Lokalise,greenhouse,https://boards.greenhouse.io/lokalise,Global,
Luma Health,greenhouse,https://boards.greenhouse.io/lumahealth,US,
Lumen,smartrecruiters,https://jobs.smartrecruiters.com/Lumen,US,
Luxottica,smartrecruiters,https://jobs.smartrecruiters.com/Luxottica,Global,
LVMH,smartrecruiters,https://jobs.smartrecruiters.com/LVMH,Global,
Lyft,greenhouse,https://boards.greenhouse.io/lyft,,
Lyra Health,lever,https://jobs.lever.co/lyrahealth,US,
Magic Leap,greenhouse,https://boards.greenhouse.io/magicleap,US,
Manpower,smartrecruiters,https://jobs.smartrecruiters.com/ManpowerGroup,Global,
MAPFRE,smartrecruiters,https://jobs.smartrecruiters.com/MAPFRE,Global,
Marathon Petro,smartrecruiters,https://jobs.smartrecruiters.com/MarathonPetroleum2,US,
Marqeta,greenhouse,https://boards.greenhouse.io/marqeta,US,
Mars,smartrecruiters,https://jobs.smartrecruiters.com/Mars,Global,
Marvell,workday,https://marvell.wd1.myworkdayjobs.com/MarvellCareers,US,
Marvell Technology,smartrecruiters,https://jobs.smartrecruiters.com/MarvellTechnology,US,
Massachusetts Mutual,smartrecruiters,https://jobs.smartrecruiters.com/MassMutual,US,
Mastercard,workday,https://mastercard.wd1.myworkdayjobs.com/CorporateCareers,,
matchgroup,lever,https://jobs.lever.co/matchgroup,,
Mattermost,greenhouse,https://boards.greenhouse.io/mattermost,US,
matx,greenhouse,https://boards.greenhouse.io/matx,,
Maven Clinic,greenhouse,https://boards.greenhouse.io/mavenclinic,,
Mayo Clinic Health,smartrecruiters,https://jobs.smartrecruiters.com/MayoClinic2,US,
McCormick Company,smartrecruiters,https://jobs.smartrecruiters.com/McCormickCompany,US,
mcghealth,greenhouse,https://boards.greenhouse.io/mcghealth,,
McKesson,workday,https://mckesson.wd3.myworkdayjobs.com/External_Careers,,
medicalinformaticsengineering,greenhouse,https://boards.greenhouse.io/medicalinformaticsengineering,,
Medium,greenhouse,https://boards.greenhouse.io/medium,US,
Melio,greenhouse,https://boards.greenhouse.io/melio,US,
memic,greenhouse,https://boards.greenhouse.io/memic,,
Mercedes-Benz,smartrecruiters,https://jobs.smartrecruiters.com/MercedesBenz,Global,
Merck KGaA,smartrecruiters,https://jobs.smartrecruiters.com/MerckKGaA,Global,
Mercury,greenhouse,https://boards.greenhouse.io/mercury,US,
MetLife Inc,smartrecruiters,https://jobs.smartrecruiters.com/MetLife2,US,
MGM Resorts,smartrecruiters,https://jobs.smartrecruiters.com/MGMResorts,US,
Michelin,smartrecruiters,https://jobs.smartrecruiters.com/Michelin,Global,
Microchip Technology,smartrecruiters,https://jobs.smartrecruiters.com/MicrochipTechnology,US,
Mighty,greenhouse,https://boards.greenhouse.io/mighty,US,
MindsDB,greenhouse,https://boards.greenhouse.io/mindsdb,US,
Miratech,smartrecruiters,https://jobs.smartrecruiters.com/Miratech1,,
Mixmax,greenhouse,https://boards.greenhouse.io/mixmax,US,
MixPanel,greenhouse,https://boards.greenhouse.io/mixpanel,US,
Moloco,greenhouse,https://boards.greenhouse.io/moloco,US,
Mondelez,workday,https://mdlz.wd3.myworkdayjobs.com/External,,
Mondelez International,smartrecruiters,https://jobs.smartrecruiters.com/Mondelez2,Global,
MongoDB,greenhouse,https://boards.greenhouse.io/mongodb,,
Moody's Corporation,smartrecruiters,https://jobs.smartrecruiters.com/MoodysCorporation,Global,
Motional,greenhouse,https://boards.greenhouse.io/motional,US,
Motorola,workday,https://motorolasolutions.wd5.myworkdayjobs.com/Careers,US,
Mozilla,greenhouse,https://boards.greenhouse.io/mozilla,Global,
MRI Software,smartrecruiters,https://jobs.smartrecruiters.com/MRISoftware,,
Munich Re,smartrecruiters,https://jobs.smartrecruiters.com/MunichRe,Global,
muonspace,greenhouse,https://boards.greenhouse.io/muonspace,,
Musixmatch,lever,https://jobs.lever.co/musixmatch,,
Mutiny,greenhouse,https://boards.greenhouse.io/mutiny,US,
MyFitnessPal,greenhouse,https://boards.greenhouse.io/myfitnesspal,,
N26,greenhouse,https://boards.greenhouse.io/n26,Global,
Nasdaq,smartrecruiters,https://jobs.smartrecruiters.com/Nasdaq,US,
Natera,greenhouse,https://boards.greenhouse.io/natera,US,
National Grid Plc,smartrecruiters,https://jobs.smartrecruiters.com/NationalGrid2,US,
Navan (TripActions),greenhouse,https://boards.greenhouse.io/tripactions,US,
Neo4j,greenhouse,https://boards.greenhouse.io/neo4j,Global,
Nestle,smartrecruiters,https://jobs.smartrecruiters.com/Nestle,Global,
Netlify,greenhouse,https://boards.greenhouse.io/netlify,,
Netskope,greenhouse,https://boards.greenhouse.io/netskope,US,
New Balance,smartrecruiters,https://jobs.smartrecruiters.com/NewBalance,US,
New Relic,greenhouse,https://boards.greenhouse.io/newrelic,US,
newsbreak,greenhouse,https://boards.greenhouse.io/newsbreak,,
nex,greenhouse,https://boards.greenhouse.io/nex,,
Nextdoor,greenhouse,https://boards.greenhouse.io/nextdoor,,
NextRoll,greenhouse,https://boards.greenhouse.io/nextroll,US,
NFX,lever,https://jobs.lever.co/nfx,US,
NielsenIQ,smartrecruiters,https://jobs.smartrecruiters.com/NielsenIQ,,
nisc,greenhouse,https://boards.greenhouse.io/nisc,,
Nordstrom,workday,https://nordstrom.wd501.myworkdayjobs.com/nordstrom_careers,,
Norfolk Southern Corp,smartrecruiters,https://jobs.smartrecruiters.com/NorfolkSouthern2,US,
Northrop Grumman,workday,https://ngc.wd1.myworkdayjobs.com/Northrop_Grumman_External_Site,,
Nova Credit,greenhouse,https://boards.greenhouse.io/novacredit,US,
Novartis,workday,https://novartis.wd3.myworkdayjobs.com/Novartis_Careers,Global,
Novartis Pharma,smartrecruiters,https://jobs.smartrecruiters.com/Novartis2,Global,
Novo Nordisk A/S,smartrecruiters,https://jobs.smartrecruiters.com/NovoNordisk2,Global,
Nozomi Networks,greenhouse,https://boards.greenhouse.io/nozominetworks,Global,
NTT Data,smartrecruiters,https://jobs.smartrecruiters.com/NTTData,Global,
Nubank,greenhouse,https://boards.greenhouse.io/nubank,Global,
Nutanix Inc,smartrecruiters,https://jobs.smartrecruiters.com/Nutanix2,US,
NVIDIA,workday,https://nvidia.wd5.myworkdayjobs.com/NVIDIAExternalCareerSite,,
NXP Semiconductors,workday,https://nxp.wd3.myworkdayjobs.com/careers,Global,
Observable,lever,https://jobs.lever.co/observablehq,US,
Occidental,smartrecruiters,https://jobs.smartrecruiters.com/Occidental,US,
oceanx,greenhouse,https://boards.greenhouse.io/oceanx,,
Octopus Deploy,greenhouse,https://boards.greenhouse.io/octopusdeploy,,
Okta,greenhouse,https://boards.greenhouse.io/okta,US,
Old Republic,smartrecruiters,https://jobs.smartrecruiters.com/OldRepublic,US,
olsson,greenhouse,https://boards.greenhouse.io/olsson,,
Olympus,smartrecruiters,https://jobs.smartrecruiters.com/Olympus,Global,
Omada Health,greenhouse,https://boards.greenhouse.io/omadahealth,US,
Omnicom,smartrecruiters,https://jobs.smartrecruiters.com/OmnicomGroup2,Global,
OneMedical,greenhouse,https://boards.greenhouse.io/onemedical,US,
OneTrust,greenhouse,https://boards.greenhouse.io/onetrust,US,
Oowlish,lever,https://jobs.lever.co/oowlish,,
Opendoor,smartrecruiters,https://jobs.smartrecruiters.com/Opendoor,,
Opendoor,greenhouse,https://boards.greenhouse.io/opendoor,US,
OpenTable,greenhouse,https://boards.greenhouse.io/opentable,,
Oshkosh,workday,https://oshkoshcorporation.wd5.myworkdayjobs.com/Oshkosh,US,
Otis Worldwide,smartrecruiters,https://jobs.smartrecruiters.com/OtisWorldwide,US,
otrcapital1,greenhouse,https://boards.greenhouse.io/otrcapital1,,
Outbrain,smartrecruiters,https://jobs.smartrecruiters.com/Outbrain,,
Ovo Energy,greenhouse,https://boards.greenhouse.io/ovoenergy,Global,
PagerDuty,greenhouse,https://boards.greenhouse.io/pagerduty,US,
Palantir,lever,https://jobs.lever.co/palantir,,
Palo Alto Networks,smartrecruiters,https://jobs.smartrecruiters.com/PaloAltoNetworks2,,
Panasonic North America,smartrecruiters,https://jobs.smartrecruiters.com/PanasonicNorthAmerica,US,
Pandora,smartrecruiters,https://jobs.smartrecruiters.com/Pandora,,
Panorama Education,greenhouse,https://boards.greenhouse.io/panoramaed,US,
Pantheon,greenhouse,https://boards.greenhouse.io/pantheon,US,
Panther Labs,greenhouse,https://boards.greenhouse.io/pantherlabs,,
Papa,greenhouse,https://boards.greenhouse.io/papa,US,
Papa Johns,smartrecruiters,https://jobs.smartrecruiters.com/PapaJohns,US,
Parachute Health,greenhouse,https://boards.greenhouse.io/parachutehealth,US,
Paradigm,greenhouse,https://boards.greenhouse.io/paradigm,US,
parallelwireless,lever,https://jobs.lever.co/parallelwireless,,
Parker,smartrecruiters,https://jobs.smartrecruiters.com/ParkerHannifin2,US,
Parsons Corporation,workday,https://parsons.wd5.myworkdayjobs.com/Search,,
Patch,greenhouse,https://boards.greenhouse.io/patch,US,
PathAI,greenhouse,https://boards.greenhouse.io/pathai,US,
pathward,greenhouse,https://boards.greenhouse.io/pathward,,
PayPay,greenhouse,https://boards.greenhouse.io/paypay,,
PayPay Card,greenhouse,https://boards.greenhouse.io/paypaycard,,
PDT Partners,greenhouse,https://boards.greenhouse.io/pdtpartners,,
Pearson Education,smartrecruiters,https://jobs.smartrecruiters.com/PearsonEducation,Global,
Pella,smartrecruiters,https://jobs.smartrecruiters.com/Pella,US,
Peloton,greenhouse,https://boards.greenhouse.io/peloton,US,
Pendo,greenhouse,https://boards.greenhouse.io/pendo,US,
Penn Foster,smartrecruiters,https://jobs.smartrecruiters.com/PennFoster,US,
Penumbra,smartrecruiters,https://jobs.smartrecruiters.com/Penumbra,US,
PepsiCo Inc,smartrecruiters,https://jobs.smartrecruiters.com/PepsiCo2,US,
PerkinElmer Inc,smartrecruiters,https://jobs.smartrecruiters.com/PerkinElmer2,US,
Petco,smartrecruiters,https://jobs.smartrecruiters.com/Petco,US,
Pfizer,workday,https://pfizer.wd1.myworkdayjobs.com/PfizerCareers,US,
Pfizer Inc,smartrecruiters,https://jobs.smartrecruiters.com/Pfizer2,US,
Philips,smartrecruiters,https://jobs.smartrecruiters.com/Philips,Global,
Ping Identity,greenhouse,https://boards.greenhouse.io/pingidentity,US,
Pinterest,greenhouse,https://boards.greenhouse.io/pinterest,US,
Pitney Bowes Inc,smartrecruiters,https://jobs.smartrecruiters.com/PitneyBowes2,US,
pivotal,lever,https://jobs.lever.co/pivotal,,
Pizza Hut,smartrecruiters,https://jobs.smartrecruiters.com/PizzaHut,US,
PlanetScale,greenhouse,https://boards.greenhouse.io/planetscale,,
Platform.sh,greenhouse,https://boards.greenhouse.io/platformsh,,
PlayOn,lever,https://jobs.lever.co/playonsports,,
Plume,greenhouse,https://boards.greenhouse.io/plume,,
pmg,greenhouse,https://boards.greenhouse.io/pmg,,
PNC Bank,smartrecruiters,https://jobs.smartrecruiters.com/PNCBank,US,
Point72,greenhouse,https://boards.greenhouse.io/point72,US,
Postman,greenhouse,https://boards.greenhouse.io/postman,US,
PPL Corp,smartrecruiters,https://jobs.smartrecruiters.com/PPLCorporation,US,
PricewaterhouseCoopers,smartrecruiters,https://jobs.smartrecruiters.com/PwC,Global,
Project44,greenhouse,https://boards.greenhouse.io/project44,US,
prolaio,greenhouse,https://boards.greenhouse.io/prolaio,,
Prologis,smartrecruiters,https://jobs.smartrecruiters.com/Prologis,US,
Prosper,lever,https://jobs.lever.co/prosper,,
Publicis Groupe,smartrecruiters,https://jobs.smartrecruiters.com/PublicisGroupe,Global,
Puma,smartrecruiters,https://jobs.smartrecruiters.com/PUMA,Global,
purestorage,greenhouse,https://boards.greenhouse.io/purestorage,,
Purple,greenhouse,https://boards.greenhouse.io/purple,US,
QBE,smartrecruiters,https://jobs.smartrecruiters.com/QBE,Global,
Qorvo,smartrecruiters,https://jobs.smartrecruiters.com/Qorvo2,US,
QUALCOMM Inc,smartrecruiters,https://jobs.smartrecruiters.com/QUALCOMM2,US,
Qualia,greenhouse,https://boards.greenhouse.io/qualia,US,
Qualtrics,greenhouse,https://boards.greenhouse.io/qualtrics,US,
Quantcast,lever,https://jobs.lever.co/quantcast,US,
QuantumWorkplace,lever,https://jobs.lever.co/QuantumWorkplace,,
Quest,smartrecruiters,https://jobs.smartrecruiters.com/Quest2,US,
Quest Software,smartrecruiters,https://jobs.smartrecruiters.com/QuestSoftware,US,
questanalytics,lever,https://jobs.lever.co/questanalytics,,
Ralph Lauren Corp,smartrecruiters,https://jobs.smartrecruiters.com/RalphLauren2,US,
RapidSOS,greenhouse,https://boards.greenhouse.io/rapidsos,US,
Rarible,lever,https://jobs.lever.co/Rarible,,
rdccareers,greenhouse,https://boards.greenhouse.io/rdccareers,,
RealPage,smartrecruiters,https://jobs.smartrecruiters.com/RealPage,,
Realtor.com,smartrecruiters,https://jobs.smartrecruiters.com/Realtor,,
ReCharge,greenhouse,https://boards.greenhouse.io/recharge,US,
Recursion,greenhouse,https://boards.greenhouse.io/recursionpharmaceuticals,,
Red Bull GmbH,smartrecruiters,https://jobs.smartrecruiters.com/RedBull2,Global,
Red Ventures,greenhouse,https://boards.greenhouse.io/redventures,US,
Reddit,greenhouse,https://boards.greenhouse.io/reddit,,
Redfin,smartrecruiters,https://jobs.smartrecruiters.com/Redfin,,
redwoodmaterials,greenhouse,https://boards.greenhouse.io/redwoodmaterials,,
Regeneron Pharma,smartrecruiters,https://jobs.smartrecruiters.com/Regeneron2,US,
relaypro,greenhouse,https://boards.greenhouse.io/relaypro,,
RELX,smartrecruiters,https://jobs.smartrecruiters.com/RELX,Global,
Remote,greenhouse,https://boards.greenhouse.io/remote,Global,
Renault,smartrecruiters,https://jobs.smartrecruiters.com/Renault,Global,
Rent Manager,smartrecruiters,https://jobs.smartrecruiters.com/RentManager,,
Rent the Runway,greenhouse,https://boards.greenhouse.io/renttherunway,US,
Republic Services Inc,smartrecruiters,https://jobs.smartrecruiters.com/RepublicServices2,US,
Resilience,greenhouse,https://boards.greenhouse.io/resilience,US,
ResMan,smartrecruiters,https://jobs.smartrecruiters.com/ResMan,,
ResMed Inc,workday,https://resmed.wd3.myworkdayjobs.com/ResMed_External_Careers,Global,
ResortPass,greenhouse,https://boards.greenhouse.io/resortpass,US,
Reuters,smartrecruiters,https://jobs.smartrecruiters.com/ThomsonReuters2,Global,
Rightway,greenhouse,https://boards.greenhouse.io/rightway,US,
Riot Games,greenhouse,https://boards.greenhouse.io/riotgames,US,
Ripple,greenhouse,https://boards.greenhouse.io/ripple,,
Ritual,greenhouse,https://boards.greenhouse.io/ritual,US,
Robinhood,greenhouse,https://boards.greenhouse.io/robinhood,,
Roche,smartrecruiters,https://jobs.smartrecruiters.com/Roche,Global,
rocketlab,greenhouse,https://boards.greenhouse.io/rocketlab,,
RocketReach,greenhouse,https://boards.greenhouse.io/rocketreach,US,
Rockwell,smartrecruiters,https://jobs.smartrecruiters.com/RockwellAutomation2,US,
Rockwell Automation,workday,https://rockwellautomation.wd1.myworkdayjobs.com/External_Rockwell_Automation,US,
Roku,greenhouse,https://boards.greenhouse.io/roku,US,
Rolls-Royce,smartrecruiters,https://jobs.smartrecruiters.com/RollsRoyce,Global,
Root Insurance,greenhouse,https://boards.greenhouse.io/root,US,
Royal Caribbean Group,smartrecruiters,https://jobs.smartrecruiters.com/RoyalCaribbeanGroup,US,
RStudio,greenhouse,https://boards.greenhouse.io/rstudio,US,
RTX Corporation,smartrecruiters,https://jobs.smartrecruiters.com/RTX,US,
Rubrik,greenhouse,https://boards.greenhouse.io/rubrik,US,
ruggedrobotics,greenhouse,https://boards.greenhouse.io/ruggedrobotics,,
RunwayML,greenhouse,https://boards.greenhouse.io/runwayml,US,
SADA,greenhouse,https://boards.greenhouse.io/sada,US,
Safran,smartrecruiters,https://jobs.smartrecruiters.com/Safran,Global,
Sage,greenhouse,https://boards.greenhouse.io/sage,Global,
Saint-Gobain,smartrecruiters,https://jobs.smartrecruiters.com/SaintGobain,Global,
Salesforce,workday,https://salesforce.wd12.myworkdayjobs.com/External_Career_Site,,
Salesloft,greenhouse,https://boards.greenhouse.io/salesloft,US,
SalesLoft Inc,smartrecruiters,https://jobs.smartrecruiters.com/SalesLoft,US,
saltxc,greenhouse,https://boards.greenhouse.io/saltxc,,
Samsara,greenhouse,https://boards.greenhouse.io/samsara,US,
Samsung Electronics,smartrecruiters,https://jobs.smartrecruiters.com/SamsungElectronics,Global,
samsungresearchamericainternship,greenhouse,https://boards.greenhouse.io/samsungresearchamericainternship,,
samsungsemiconductor,greenhouse,https://boards.greenhouse.io/samsungsemiconductor,,
SanDisk,smartrecruiters,https://jobs.smartrecruiters.com/SanDisk,US,
Santander,workday,https://santander.wd3.myworkdayjobs.com/SantanderCareers,Global,
Santander Bank,smartrecruiters,https://jobs.smartrecruiters.com/SantanderBank,US,
SAP SE,smartrecruiters,https://jobs.smartrecruiters.com/SAP,Global,
SAS Institute,smartrecruiters,https://jobs.smartrecruiters.com/SASInstitute,US,
Sauce Labs,greenhouse,https://boards.greenhouse.io/saucelabs,US,
Scale AI,greenhouse,https://boards.greenhouse.io/scaleai,,
Schneider,smartrecruiters,https://jobs.smartrecruiters.com/SchneiderElectric2,Global,
Scotiabank,smartrecruiters,https://jobs.smartrecruiters.com/Scotiabank,Global,
Seagate Technology,smartrecruiters,https://jobs.smartrecruiters.com/SeagateTechnology2,US,
Sealed Air Corp,smartrecruiters,https://jobs.smartrecruiters.com/SealedAir2,US,
SecurityScorecard,greenhouse,https://boards.greenhouse.io/securityscorecard,US,
Seesaw,greenhouse,https://boards.greenhouse.io/seesaw,,
SEI,greenhouse,https://boards.greenhouse.io/sei,US,
SEL,workday,https://selinc.wd1.myworkdayjobs.com/SEL,,
Sempra,smartrecruiters,https://jobs.smartrecruiters.com/Sempra2,US,
Sendbird,greenhouse,https://boards.greenhouse.io/sendbird,US,
Sephora,smartrecruiters,https://jobs.smartrecruiters.com/Sephora,,
Serotonin,lever,https://jobs.lever.co/serotonin,,
ServiceNow,smartrecruiters,https://jobs.smartrecruiters.com/ServiceNow,,
sevenresearch,greenhouse,https://boards.greenhouse.io/sevenresearch,,
sharkninjaoperatingllc,greenhouse,https://boards.greenhouse.io/sharkninjaoperatingllc,,
ShipHawk,greenhouse,https://boards.greenhouse.io/shiphawk,US,
Shire,smartrecruiters,https://jobs.smartrecruiters.com/Shire,US,
Showpad,greenhouse,https://boards.greenhouse.io/showpad,Global,
Siemens AG,smartrecruiters,https://jobs.smartrecruiters.com/Siemens2,Global,
sigmacomputing,greenhouse,https://boards.greenhouse.io/sigmacomputing,,
silananotechnologies,greenhouse,https://boards.greenhouse.io/silananotechnologies,,
SimpliSafe,greenhouse,https://boards.greenhouse.io/simplisafe,US,
SingleStore,greenhouse,https://boards.greenhouse.io/singlestore,US,
Skechers,smartrecruiters,https://jobs.smartrecruiters.com/Skechers,,
skhynixamerica,greenhouse,https://boards.greenhouse.io/skhynixamerica,,
skyways,lever,https://jobs.lever.co/skyways,,
Skyworks Solutions,smartrecruiters,https://jobs.smartrecruiters.com/SkyworksSolutions2,US,
Slack,smartrecruiters,https://jobs.smartrecruiters.com/Slack2,US,
Slack Technologies,workday,https://salesforce.wd12.myworkdayjobs.com/Slack,US,Salesforce
SmartAsset,greenhouse,https://boards.greenhouse.io/smartasset,US,
SmartBear,greenhouse,https://boards.greenhouse.io/smartbear,US,
SmartRecruiters,smartrecruiters,https://jobs.smartrecruiters.com/Dev2,,
Smartsheet,greenhouse,https://boards.greenhouse.io/smartsheet,,
Snapdocs,ashby,https://jobs.ashbyhq.com/snapdocs,,
Snorkel AI,greenhouse,https://boards.greenhouse.io/snorkelai,,
Sodexo,smartrecruiters,https://jobs.smartrecruiters.com/Sodexo,Global,
SoFi,greenhouse,https://boards.greenhouse.io/sofi,US,
Sony,smartrecruiters,https://jobs.smartrecruiters.com/Sony,Global,
sonyinteractiveentertainmentglobal,greenhouse,https://boards.greenhouse.io/sonyinteractiveentertainmentglobal,,
Southern,smartrecruiters,https://jobs.smartrecruiters.com/SouthernCompany2,US,
Southwest Airlines,workday,https://swa.wd1.myworkdayjobs.com/external,,
SpaceX,greenhouse,https://boards.greenhouse.io/spacex,US,
Spectrum Brands,smartrecruiters,https://jobs.smartrecruiters.com/SpectrumBrands,US,
Sphere Entertainment,greenhouse,https://boards.greenhouse.io/sphereentertainment,US,
Spin,greenhouse,https://boards.greenhouse.io/spin,US,
Spirit Airlines,smartrecruiters,https://jobs.smartrecruiters.com/SpiritAirlines,US,
Splice,greenhouse,https://boards.greenhouse.io/splice,US,
spotify,lever,https://jobs.lever.co/spotify,,
Sprinklr Inc,smartrecruiters,https://jobs.smartrecruiters.com/Sprinklr2,US,
Sprout Social,greenhouse,https://boards.greenhouse.io/sproutsocial,US,
Spruce,lever,https://jobs.lever.co/sprucesystems,,
Squarespace,greenhouse,https://boards.greenhouse.io/squarespace,US,
Stability AI,greenhouse,https://boards.greenhouse.io/stabilityai,,
StackAdapt,greenhouse,https://boards.greenhouse.io/stackadapt,Global,
StackBlitz,greenhouse,https://boards.greenhouse.io/stackblitz,,
Stanley,smartrecruiters,https://jobs.smartrecruiters.com/StanleyBlackDecker2,US,
Starburst,greenhouse,https://boards.greenhouse.io/starburst,US,
StarTree,greenhouse,https://boards.greenhouse.io/startree,US,
State Street,workday,https://statestreet.wd1.myworkdayjobs.com/Global,US,
State Street Corporation,smartrecruiters,https://jobs.smartrecruiters.com/StateStreet2,US,
steerbridge,lever,https://jobs.lever.co/steerbridge,,
Stellantis NV,smartrecruiters,https://jobs.smartrecruiters.com/Stellantis2,Global,
Stitch Fix,greenhouse,https://boards.greenhouse.io/stitchfix,US,
StockX,greenhouse,https://boards.greenhouse.io/stockx,,
StoneCo.,greenhouse,https://boards.greenhouse.io/stone,,
Storable,greenhouse,https://boards.greenhouse.io/storable,US,
Stripe,greenhouse,https://boards.greenhouse.io/stripe,,
Stryker,workday,https://stryker.wd1.myworkdayjobs.com/StrykerCareers,US,
Stryker Corp,smartrecruiters,https://jobs.smartrecruiters.com/Stryker2,US,
Subway,smartrecruiters,https://jobs.smartrecruiters.com/Subway,US,
successkpiinc,greenhouse,https://boards.greenhouse.io/successkpiinc,,
Sumo Logic,greenhouse,https://boards.greenhouse.io/sumologic,US,
Sun Life,smartrecruiters,https://jobs.smartrecruiters.com/SunLifeFinancial,Global,
Suncor Energy,smartrecruiters,https://jobs.smartrecruiters.com/SuncorEnergy,Global,
SurveyMonkey,greenhouse,https://boards.greenhouse.io/surveymonkey,US,
Sweetgreen,greenhouse,https://boards.greenhouse.io/sweetgreen,,
Swiss Re,smartrecruiters,https://jobs.smartrecruiters.com/SwissRe,Global,
SymmetrySystems,lever,https://jobs.lever.co/SymmetrySystems,,
Symphony,greenhouse,https://boards.greenhouse.io/symphony,US,
Synack,greenhouse,https://boards.greenhouse.io/synack,US,
Synnex,smartrecruiters,https://jobs.smartrecruiters.com/TDSynnex2,Global,
Sysco Corp,smartrecruiters,https://jobs.smartrecruiters.com/Sysco2,US,
systemstechnologyresearch,greenhouse,https://boards.greenhouse.io/systemstechnologyresearch,,
T. Rowe Price,workday,https://troweprice.wd5.myworkdayjobs.com/TRowePrice,US,
Tableau Software,workday,https://salesforce.wd12.myworkdayjobs.com/Tableau,US,Salesforce
Taboola,smartrecruiters,https://jobs.smartrecruiters.com/Taboola,,
Tailscale,greenhouse,https://boards.greenhouse.io/tailscale,US,
Takeda Pharmaceutical,smartrecruiters,https://jobs.smartrecruiters.com/Takeda2,Global,
TalkSpace,greenhouse,https://boards.greenhouse.io/talkspace,US,
Tanium,greenhouse,https://boards.greenhouse.io/tanium,US,
Target,workday,https://target.wd5.myworkdayjobs.com/targetcareers,,
Target Corp,smartrecruiters,https://jobs.smartrecruiters.com/Target2,US,
Tata,smartrecruiters,https://jobs.smartrecruiters.com/TataConsultancyServices2,Global,
Tata Consultancy Services,greenhouse,https://boards.greenhouse.io/tcs,Global,
Tatari,greenhouse,https://boards.greenhouse.io/tatari,,
Tech Data,smartrecruiters,https://jobs.smartrecruiters.com/TechData,US,
Tekion,greenhouse,https://boards.greenhouse.io/tekion,US,
Tekmetric,greenhouse,https://boards.greenhouse.io/tekmetric,US,
Telefonica,smartrecruiters,https://jobs.smartrecruiters.com/Telefonica,Global,
telligen,lever,https://jobs.lever.co/telligen,,
Temporal,greenhouse,https://boards.greenhouse.io/temporal,,
Tenable,greenhouse,https://boards.greenhouse.io/tenableinc,US,
tenstorrentuniversity,greenhouse,https://boards.greenhouse.io/tenstorrentuniversity,,
Teradyne,smartrecruiters,https://jobs.smartrecruiters.com/Teradyne,US,
Testlio,greenhouse,https://boards.greenhouse.io/testlio,Global,
testnisc,greenhouse,https://boards.greenhouse.io/testnisc,,
Texas Instruments Inc,smartrecruiters,https://jobs.smartrecruiters.com/TexasInstruments2,US,
Textio,greenhouse,https://boards.greenhouse.io/textio,US,
Textron Inc,smartrecruiters,https://jobs.smartrecruiters.com/Textron2,US,
The Knot Worldwide,greenhouse,https://boards.greenhouse.io/theknotworldwide,US,
The New York Times,greenhouse,https://boards.greenhouse.io/thenewyorktimes,US,
Thermo Fisher Scientific,smartrecruiters,https://jobs.smartrecruiters.com/ThermoFisherScientific2,US,
thetradedesk,greenhouse,https://boards.greenhouse.io/thetradedesk,,
theweathercompany,greenhouse,https://boards.greenhouse.io/theweathercompany,,
Thomson Reuters,workday,https://thomsonreuters.wd5.myworkdayjobs.com/External_Career_Site,Global,
ThoughtWorks,greenhouse,https://boards.greenhouse.io/thoughtworks,Global,
Thumbtack,greenhouse,https://boards.greenhouse.io/thumbtack,,
Thunes,greenhouse,https://boards.greenhouse.io/thunes,Global,
Timken Company,smartrecruiters,https://jobs.smartrecruiters.com/TimkenCompany,US,
Toast,greenhouse,https://boards.greenhouse.io/toast,,
TopstepTrader,greenhouse,https://boards.greenhouse.io/topsteptrader,US,
Toshiba America,smartrecruiters,https://jobs.smartrecruiters.com/ToshibaAmerica,US,
Total Energies,smartrecruiters,https://jobs.smartrecruiters.com/TotalEnergies,Global,
TouchBistro,greenhouse,https://boards.greenhouse.io/touchbistro,Global,
Toyota Motor,smartrecruiters,https://jobs.smartrecruiters.com/ToyotaMotor,Global,
TrackOFF,lever,https://jobs.lever.co/trackoff,,
Trade Desk,smartrecruiters,https://jobs.smartrecruiters.com/TheTradeDesk,,
Transcarent,greenhouse,https://boards.greenhouse.io/transcarent,US,
Travelers,workday,https://travelers.wd5.myworkdayjobs.com/External,US,
Travelers Companies,smartrecruiters,https://jobs.smartrecruiters.com/TravelersCompanies,US,
Trepp,greenhouse,https://boards.greenhouse.io/trepp,US,
tri,lever,https://jobs.lever.co/tri,,
TriNet,lever,https://jobs.lever.co/trinet,,
Trinity Health,smartrecruiters,https://jobs.smartrecruiters.com/TrinityHealth,US,
TripAdvisor,greenhouse,https://boards.greenhouse.io/tripadvisor,US,
TRM Labs,ashby,https://jobs.ashbyhq.com/trm-labs,,
trueanomalyinc,greenhouse,https://boards.greenhouse.io/trueanomalyinc,,
Truework,greenhouse,https://boards.greenhouse.io/truework,US,
Truist Financial,smartrecruiters,https://jobs.smartrecruiters.com/TruistFinancial,US,
Trulia,smartrecruiters,https://jobs.smartrecruiters.com/Trulia,,
truveta,greenhouse,https://boards.greenhouse.io/truveta,,
Tulip,greenhouse,https://boards.greenhouse.io/tulip,US,
Turing,greenhouse,https://boards.greenhouse.io/turing,Global,
Turner Construction,smartrecruiters,https://jobs.smartrecruiters.com/TurnerConstruction,US,
tutorintelligence,lever,https://jobs.lever.co/tutorintelligence,,
twilio,greenhouse,https://boards.greenhouse.io/twilio,,
twitch,greenhouse,https://boards.greenhouse.io/twitch,,
Two Chairs,greenhouse,https://boards.greenhouse.io/twochairs,US,
twosixtechnologies,greenhouse,https://boards.greenhouse.io/twosixtechnologies,,
Tyco,smartrecruiters,https://jobs.smartrecruiters.com/Tyco,US,
Typeform,greenhouse,https://boards.greenhouse.io/typeform,Global,
Uber,smartrecruiters,https://jobs.smartrecruiters.com/Uber2,US,
Ubiminds,lever,https://jobs.lever.co/Ubiminds,,
Ubisoft,smartrecruiters,https://jobs.smartrecruiters.com/Ubisoft,Global,
UBS,smartrecruiters,https://jobs.smartrecruiters.com/UBS,Global,
Udacity,greenhouse,https://boards.greenhouse.io/udacity,US,
Udemy,greenhouse,https://boards.greenhouse.io/udemy,US,
UJET,greenhouse,https://boards.greenhouse.io/ujet,US,
Ulta,smartrecruiters,https://jobs.smartrecruiters.com/Ulta2,US,
ultimagenomics,greenhouse,https://boards.greenhouse.io/ultimagenomics,,
Unbounce,greenhouse,https://boards.greenhouse.io/unbounce,Global,
Unilever,smartrecruiters,https://jobs.smartrecruiters.com/Unilever,Global,
Union Pacific Corp,smartrecruiters,https://jobs.smartrecruiters.com/UnionPacific2,US,
UNIQLO,smartrecruiters,https://jobs.smartrecruiters.com/UNIQLO,Global,
Unisys,workday,https://unisys.wd5.myworkdayjobs.com/External,US,
United Parcel Service,smartrecruiters,https://jobs.smartrecruiters.com/UnitedParcelService,US,
Universal,smartrecruiters,https://jobs.smartrecruiters.com/UniversalMusicGroup,Global,
Unqork,greenhouse,https://boards.greenhouse.io/unqork,US,
Unum,workday,https://unum.wd1.myworkdayjobs.com/External,US,
UPS,smartrecruiters,https://jobs.smartrecruiters.com/UPS,US,
UpStart,greenhouse,https://boards.greenhouse.io/upstart,US,
Upwork,greenhouse,https://boards.greenhouse.io/upwork,US,
US Bank,smartrecruiters,https://jobs.smartrecruiters.com/USBank,US,
Vacasa,greenhouse,https://boards.greenhouse.io/vacasa,US,
Valence,lever,https://jobs.lever.co/valence,,
Valero,smartrecruiters,https://jobs.smartrecruiters.com/Valero,US,
Varicent,greenhouse,https://boards.greenhouse.io/varicent,Global,
Vaya,greenhouse,https://boards.greenhouse.io/vaya,US,
Veeam Software,greenhouse,https://boards.greenhouse.io/veeamsoftware,,
Vercel,greenhouse,https://boards.greenhouse.io/vercel,,
verisign,greenhouse,https://boards.greenhouse.io/verisign,,
Verizon,smartrecruiters,https://jobs.smartrecruiters.com/Verizon,US,
Verizon Media,smartrecruiters,https://jobs.smartrecruiters.com/VerizonMedia,,
verkada,greenhouse,https://boards.greenhouse.io/verkada,,
Versant,smartrecruiters,https://jobs.smartrecruiters.com/Versant3,,
Vertex Pharmaceuticals,smartrecruiters,https://jobs.smartrecruiters.com/VertexPharmaceuticals,US,
Veza Technologies,greenhouse,https://boards.greenhouse.io/veza,,
VF Corp,smartrecruiters,https://jobs.smartrecruiters.com/VFCorporation2,US,
vianttechnology,greenhouse,https://boards.greenhouse.io/vianttechnology,,
Viasat Inc,smartrecruiters,https://jobs.smartrecruiters.com/Viasat2,US,
Vida Health,lever,https://jobs.lever.co/vida,US,
Virgin Media,smartrecruiters,https://jobs.smartrecruiters.com/VirginMedia,Global,
virtru,greenhouse,https://boards.greenhouse.io/virtru,,
Visa,smartrecruiters,https://jobs.smartrecruiters.com/Visa,,
visiersolutionsinc,greenhouse,https://boards.greenhouse.io/visiersolutionsinc,,
Visual Concepts,greenhouse,https://boards.greenhouse.io/visualconcepts,US,
vixxo,greenhouse,https://boards.greenhouse.io/vixxo,,
Vodafone,smartrecruiters,https://jobs.smartrecruiters.com/Vodafone,Global,
Volkswagen,smartrecruiters,https://jobs.smartrecruiters.com/Volkswagen,Global,
Volvo,smartrecruiters,https://jobs.smartrecruiters.com/VolvoGroup,Global,
Vonage,greenhouse,https://boards.greenhouse.io/vonage,US,
Vox Media,greenhouse,https://boards.greenhouse.io/voxmedia,US,
voyagertechnologiesinc,greenhouse,https://boards.greenhouse.io/voyagertechnologiesinc,,
waabi,lever,https://jobs.lever.co/waabi,,
Wabtec Corp,smartrecruiters,https://jobs.smartrecruiters.com/WabtecCorporation,US,
wadetrim,lever,https://jobs.lever.co/wadetrim,,
Walmart Inc,smartrecruiters,https://jobs.smartrecruiters.com/Walmart2,US,
Warner Bros,smartrecruiters,https://jobs.smartrecruiters.com/WarnerBrosDiscovery,US,
Waste Connections,smartrecruiters,https://jobs.smartrecruiters.com/WasteConnections,US,
Waters Corp,smartrecruiters,https://jobs.smartrecruiters.com/WatersCorporation,US,
Wave HQ,lever,https://jobs.lever.co/waveapps,,
Wealthsimple,lever,https://jobs.lever.co/wealthsimple,Global,
Weber Shandwick,greenhouse,https://boards.greenhouse.io/webershandwick,Global,
Webflow,greenhouse,https://boards.greenhouse.io/webflow,,
Weight Watchers,greenhouse,https://boards.greenhouse.io/ww,US,
Wells Fargo Bank,smartrecruiters,https://jobs.smartrecruiters.com/WellsFargo2,US,
Wellthy,greenhouse,https://boards.greenhouse.io/wellthy,US,
Westinghouse,smartrecruiters,https://jobs.smartrecruiters.com/Westinghouse,US,
Whirlpool Corp,smartrecruiters,https://jobs.smartrecruiters.com/Whirlpool2,US,
Wildlife Studios,greenhouse,https://boards.greenhouse.io/wildlifestudios,Global,
Williams,smartrecruiters,https://jobs.smartrecruiters.com/Williams2,US,
Willis,smartrecruiters,https://jobs.smartrecruiters.com/WillisTowersWatson2,Global,
Wipro Technologies,smartrecruiters,https://jobs.smartrecruiters.com/WiproTechnologies,Global,
Wizeline,greenhouse,https://boards.greenhouse.io/wizeline,Global,
Woo,greenhouse,https://boards.greenhouse.io/woo,Global,
workato,greenhouse,https://boards.greenhouse.io/workato,,
Workboard,greenhouse,https://boards.greenhouse.io/workboard,US,
Workday,workday,https://workday.wd5.myworkdayjobs.com/Workday,,
WorkOS,lever,https://jobs.lever.co/workos,US,
woven-by-toyota,lever,https://jobs.lever.co/woven-by-toyota,,
Wrike,greenhouse,https://boards.greenhouse.io/wrike,US,
Wyndham,smartrecruiters,https://jobs.smartrecruiters.com/WyndhamHotelsResorts,US,
Xcel,smartrecruiters,https://jobs.smartrecruiters.com/XcelEnergy2,US,
Xendit,greenhouse,https://boards.greenhouse.io/xendit,Global,
Xerox Corp,smartrecruiters,https://jobs.smartrecruiters.com/XeroxCorporation,US,
xometry,greenhouse,https://boards.greenhouse.io/xometry,,
xpengmotors,greenhouse,https://boards.greenhouse.io/xpengmotors,,
Xylem Inc,smartrecruiters,https://jobs.smartrecruiters.com/Xylem2,US,
Yardi,smartrecruiters,https://jobs.smartrecruiters.com/Yardi,,
yesenergy,greenhouse,https://boards.greenhouse.io/yesenergy,,
Yotpo,greenhouse,https://boards.greenhouse.io/yotpo,Global,
YugaByte,greenhouse,https://boards.greenhouse.io/yugabyte,US,
Yum Brands,smartrecruiters,https://jobs.smartrecruiters.com/YumBrands2,US,
Zartis,lever,https://jobs.lever.co/zartis,,
Zebra,smartrecruiters,https://jobs.smartrecruiters.com/ZebraTechnologies2,US,
Zillow,workday,https://zillow.wd5.myworkdayjobs.com/Zillow_Group_External,US,
Zillow Group,smartrecruiters,https://jobs.smartrecruiters.com/ZillowGroup2,US,
Zimmer,smartrecruiters,https://jobs.smartrecruiters.com/ZimmerBiomet2,US,
zocdoc,greenhouse,https://boards.greenhouse.io/zocdoc,,
Zoetis Inc,smartrecruiters,https://jobs.smartrecruiters.com/Zoetis2,US,
Zola,greenhouse,https://boards.greenhouse.io/zola,US,
Zoom Communications,smartrecruiters,https://jobs.smartrecruiters.com/Zoom2,US,
Zoom Video,workday,https://zoom.wd5.myworkdayjobs.com/Zoom,US,
zoox,lever,https://jobs.lever.co/zoox,,
Zoro,greenhouse,https://boards.greenhouse.io/zoro,US,
Zuora,greenhouse,https://boards.greenhouse.io/zuora,US,
Zurich Insurance,smartrecruiters,https://jobs.smartrecruiters.com/ZurichInsurance,Global,
Zymergen,greenhouse,https://boards.greenhouse.io/zymergen,US,
